word,frequency count
section,260180
title,73093
this,208707
hospital,4290
illegal,1465
care,24469
congress,28256
immigration,4576
federal,72237
responsibility,2867
naturalization,609
service,34996
take,9027
custody,1041
unlawfully,164
security,29743
individual,33695
medical,12807
condition,4191
either,3145
facilities,10161
further,5622
examination,1412
appropriate,24933
facility,11971
health,49629
country,7367
capita,449
area,16262
public,40794
costs,13373
certain,10185
secretary,124108
shall,243492
establish,11457
year,71958
pilot,5108
paragraph,83387
reimburse,642
personal,4470
reconciliation,960
provided,29177
transportation,10137
payment,14597
local,24308
plan,30189
insurance,14200
policy,9902
part,20798
case,21361
return,4038
attorney,9959
general,71006
after,73988
request,7962
receipt,3331
period,31143
threat,1809
child,12924
authority,16799
nationality,2545
order,15314
submit,14567
operation,5769
each,50384
report,34990
information,39088
average,4908
cost,14086
amount,41189
payable,2463
person,28324
extent,11843
affairs,7082
fiscal,33032
resources,11178
administration,13832
department,24671
necessary,17706
carry,17659
school,14726
improvements,2372
amendment,12795
national,45522
through,29431
technical,7801
eligible,26794
improve,5077
access,10999
purchase,4580
establishment,8845
between,8807
provision,13051
procure,582
healthy,920
curriculum,758
garden,74
community,12639
increase,8017
term,63868
means,42555
grant,22714
private,12769
design,4449
share,4532
form,5609
cash,1959
kind,1156
balance,1585
diversity,714
equitable,986
practices,5310
data,12319
proposal,1438
time,18702
manner,11084
review,13520
registered,2180
parties,2698
institution,9876
high,7259
free,3547
price,5102
farmer,228
potential,3884
long,4893
adequate,2261
determine,5750
relevant,4458
treasury,7243
agriculture,4798
until,5700
compensation,8408
majority,2997
armed,5403
normal,734
many,3081
have,29865
range,2099
joint,5839
loss,3929
were,8075
addition,4351
code,44672
disability,3331
combination,1189
manifest,102
degree,2133
regulation,6558
diagnosis,968
medicine,1462
academy,1086
effects,2840
specific,4713
presumptive,84
before,20149
date,62215
prescribe,3245
cause,3261
disorder,946
weight,787
presumption,375
effect,13933
second,3740
sentence,8358
apply,22773
application,18207
enrollment,2078
additional,11220
equal,9353
native,3424
prescription,2929
drug,11450
agreement,13452
subject,18870
distribution,5826
taking,2521
account,13528
enter,4333
special,9473
subsidy,475
clause,14277
pending,1458
initial,3589
approval,4635
prior,5790
waiver,3918
late,371
penalty,3580
premium,1354
improvement,3959
recovery,3055
formula,732
internal,10621
revenue,11511
gross,4464
taxable,18324
half,1614
immediately,2571
equivalent,2831
first,13393
maintenance,4298
trust,8779
reason,3782
possible,2324
delegate,808
annually,3312
committee,22044
house,15674
senate,11278
mandatory,1179
pension,995
place,6520
improved,1369
exception,2717
gain,2207
demonstration,4963
knowledge,1915
advisory,6689
bulletin,69
risk,6916
statutory,1468
recognize,614
among,6261
quality,7023
physician,3015
prohibition,3671
consultation,7850
substitution,212
encourage,2527
stay,690
same,10951
publication,1738
jointly,1271
solicitation,686
rules,10585
interim,1405
final,6913
lead,2078
government,25670
release,1992
visitor,634
white,688
responsible,3089
people,4897
legislation,2327
business,19760
several,1244
club,354
beach,184
members,18636
cabinet,81
offer,2250
similar,5095
march,2318
expect,81
location,2632
residence,2922
vice,1780
name,2689
every,3429
guest,32
meeting,3320
post,2274
result,6234
failure,3597
enact,247
regular,2400
continuing,1623
appropriation,2366
resolution,6094
money,2303
corporate,773
direct,5182
loan,12211
current,4734
rate,10685
initiate,702
apportionment,440
regard,4994
submission,2722
foreign,13787
limited,3699
action,15605
prevention,6587
civilian,1392
agency,36210
avoid,867
reduce,4606
administrative,8718
authorities,2753
relations,2103
adjustment,4313
whenever,1223
bill,4366
budget,8692
maintain,3830
independent,3752
commission,39527
speaker,1703
minority,3054
affirmative,582
vote,2836
thirds,190
serve,4877
employed,3007
principal,3864
registration,2636
incompatible,87
senator,503
vacancy,1261
original,2179
daily,1403
executive,7739
schedule,4038
travel,3813
actual,2095
performance,6885
vested,350
quorum,1134
alleged,1021
violation,7580
employee,16241
standard,4155
discharge,1632
probable,244
informal,257
give,2506
consideration,5444
formal,579
propriety,14
complaint,1639
initiative,1677
possession,2210
accept,2283
election,7775
determination,9410
sufficient,2479
extension,3857
extend,956
frivolous,100
instance,155
dismiss,199
issues,3112
refer,506
matter,3976
collect,1716
preliminary,665
show,620
testimony,1061
administer,1684
production,5330
correspondence,132
head,4853
furnish,959
notify,2105
roll,364
full,5919
concluded,386
deposition,72
testify,163
contempt,153
presentation,617
conclusion,586
capacity,3552
recommendation,1297
writing,1859
oath,175
chairman,2645
fact,1150
perform,2027
strike,825
reform,3165
printing,380
calendar,8956
portion,4467
question,510
privilege,743
third,3104
intention,372
clean,2156
consent,2832
finding,1430
favor,331
trade,10102
court,12758
circuit,918
listed,1883
hazardous,1886
proceed,832
emission,537
sale,7464
produce,1127
useful,498
cycle,449
power,4650
limitation,8641
capture,463
owner,3447
single,2949
generation,1254
reference,2454
method,1810
measure,1406
test,2755
bound,131
appendix,282
procedure,2304
revise,687
list,4396
continuous,760
specification,227
assurance,881
pound,167
inconsistent,1045
good,2066
sole,736
supersede,353
political,6325
abatement,271
adopt,869
attempt,767
enforce,1717
militia,94
major,3730
retention,1129
exclusive,1169
jurisdiction,6405
chief,3571
obligation,2989
presence,1032
address,4598
great,1860
force,5786
benefit,8260
allow,2241
affect,2966
respond,1118
event,2930
mayor,356
assist,4618
pursue,559
certification,5758
active,3034
duty,4146
executed,446
credit,20601
hour,818
relation,913
misconduct,552
alter,511
enroll,585
branch,1666
permit,3980
dispose,551
property,20942
instruction,1146
home,5873
equity,1573
fall,327
relief,4741
division,1633
aggregate,3617
status,6179
market,5393
goods,2284
wage,1242
wages,2033
factor,984
relative,1108
description,6333
operative,61
trauma,760
assessment,6331
notice,9862
register,2919
elimination,1427
contingency,441
suicide,583
serious,1773
chapter,17912
proper,1070
mental,4366
designation,4085
substance,2961
disease,5890
military,7782
freedom,2179
understanding,1949
life,4896
volunteer,1177
clerical,2640
table,8177
item,7269
line,2169
memorial,1282
anniversary,400
over,9519
world,3733
point,2472
navy,647
offensive,113
against,8987
consisting,1268
admiral,69
interest,13085
express,576
lease,3576
foundation,3059
lands,10305
deposit,2279
island,956
remainder,731
adjacent,1084
natural,6372
seal,211
function,1382
coast,1529
rescue,404
contract,10462
site,5308
discretion,1239
museum,1687
board,12645
defense,9997
fish,2963
park,5464
user,1228
right,6230
exercise,2083
voter,1082
fairly,290
incorporate,654
electoral,197
process,7486
uniform,1551
article,1889
integrity,947
mail,1556
fraudulent,506
false,939
assume,424
scale,719
survey,1951
east,1662
labor,7278
employment,8995
banking,1421
real,3754
estate,2158
inadequate,483
materials,5322
university,1382
faculty,740
alliance,354
communication,2417
learning,2059
employ,624
principles,1168
practical,386
replication,74
consortium,1483
hereafter,787
grantee,751
primary,3837
nation,3545
convene,337
assess,1783
partnership,3826
field,1582
model,2159
agree,948
execute,324
senior,1837
hurt,20
reasonable,5785
incur,150
citizen,1474
lawful,726
rebate,403
negotiate,308
principle,249
denial,1252
deduction,3989
retail,1705
discount,856
rape,354
index,1604
identification,4338
felony,652
offense,4023
crime,3626
violence,3651
conspiracy,300
commit,708
confinement,269
death,3745
forensic,240
judicial,2995
protocol,710
priority,3822
obtain,2943
audit,2237
prosecutor,178
trial,847
indictment,173
minor,1410
prosecution,1112
legal,5183
women,5784
specialty,611
birth,1192
license,2892
orders,2229
stated,1143
exchange,6040
building,3283
mutual,590
peace,1297
cross,954
recruit,335
host,504
universal,510
equality,186
mortality,567
maternal,357
youth,2444
aids,1086
reconstruction,945
sponsor,1045
faith,1044
delivery,2578
follow,603
census,970
clear,1095
allowance,1673
language,1778
nomination,289
race,791
religion,475
color,552
affiliation,397
fellow,209
identity,1534
offset,760
infant,661
vaccination,142
salary,560
supplemental,1390
confidential,677
recall,420
adverse,1678
acting,3542
uterine,31
institutes,1597
forest,5878
bureau,5669
importation,649
prevent,3755
secure,1733
enhanced,1316
defendant,1867
imprisonment,1002
stream,267
diversion,371
spring,133
river,5336
body,1769
water,12451
commerce,6589
connections,151
chain,429
transaction,3160
voluntary,2270
compatibility,122
panel,2686
immediate,1187
authentication,236
then,2002
furniture,87
attest,1342
clerk,1371
advancement,411
save,350
exemption,2061
dividend,505
partial,487
next,1592
charitable,876
bank,3920
association,4091
union,1722
insured,2142
indebtedness,610
notes,348
maintained,2166
ineligible,578
company,4915
ratio,1549
mailed,147
disposition,1762
stock,3221
combat,1223
value,6957
articles,1082
republic,1688
decision,3158
fast,207
voucher,327
intermediate,283
large,1931
indication,184
device,3150
composition,696
representative,3632
four,1001
approve,1438
draft,611
define,361
council,6263
permanent,3242
direction,832
fiduciary,382
session,1232
tempore,283
fill,497
expiration,1930
predecessor,366
successor,1538
lieu,2872
experts,1501
confirmation,339
classification,1258
invest,371
proceeds,2042
gift,769
bequest,128
devise,172
mint,962
alloy,115
tender,461
bullion,194
words,387
liberty,542
proof,965
particular,2221
face,1027
dies,960
machinery,454
shipping,584
bulk,649
relieve,224
indemnify,138
guarantee,1877
depository,1657
candidate,1696
debt,3080
difference,634
discontinuance,112
marriage,769
payee,213
dependency,220
indemnity,163
penal,70
redemption,194
maturity,317
represent,1191
lost,890
despite,561
adult,1400
adolescence,45
pipe,136
machine,386
sample,370
promulgate,1566
ownership,2294
regulate,557
relocation,718
consolidation,899
postal,1532
necessity,306
consolidate,223
hand,244
bona,324
hearing,2690
oral,547
desire,203
appealed,93
arbitrary,165
affirm,73
modify,1257
suspend,623
statement,5188
possess,469
constitutional,621
restrain,125
construe,19
declaration,1139
citation,115
intent,1408
duly,423
recognition,1432
stand,166
elected,1146
proceedings,2122
governor,1672
chamber,60
legislature,511
validity,383
circumstances,2147
injury,3299
correction,342
vehicle,5015
subrogation,53
detention,704
prison,893
counsel,1401
elsewhere,214
party,5762
conventions,100
covenant,214
convention,1069
torture,834
degrading,100
punishment,320
independence,757
signature,368
contumacy,56
returnable,40
appear,501
grand,478
jury,276
statistics,979
mails,560
agreed,1606
retain,837
interruption,252
clearance,369
annex,467
hundred,290
distributee,85
contribution,3651
behalf,3144
employer,8046
king,317
road,1144
maritime,901
settlement,2685
reversion,162
null,58
void,133
valuation,273
equalization,282
barrier,283
side,528
mitigation,1770
amends,142
avoidance,176
boundary,1822
relinquishment,136
revert,169
parcel,1367
lawsuit,138
adjudication,400
challenge,510
injunction,267
inspection,2151
collision,69
departure,231
miles,1262
station,1733
destination,289
turnpike,1
accommodation,152
household,1184
commence,569
taxation,617
domiciliary,53
donation,887
memorandum,866
representation,1020
confidence,266
exist,852
passage,867
pays,286
survivor,479
auxiliary,91
allocation,2229
deficit,1412
assets,3030
actuary,84
simple,278
estimate,1453
insolvency,53
surplus,828
cumulative,273
nominal,102
profits,577
excise,425
imposition,1127
commissions,322
holder,1334
liable,1248
petition,2630
allegiance,101
certificate,1515
cancel,282
inadmissible,157
conviction,874
proceeding,2644
moral,215
character,591
danger,471
deputy,910
associate,595
modification,2223
flight,1101
judgment,1549
revocation,706
parole,277
husband,216
widower,194
mother,441
father,151
parent,2718
computation,561
refund,1077
fraud,2091
affidavit,242
improper,293
approach,664
actionable,56
telephone,1778
plant,1125
waste,3781
treaty,1416
creek,1175
reservation,1899
gaming,566
compact,922
port,996
municipal,1304
city,2524
county,4202
viable,299
acquisition,4450
township,493
quarter,2198
wash,51
acquired,2702
vessel,2161
voyage,74
adoption,1640
delete,54
assignment,887
renewal,716
temporary,2718
tariff,913
unlawful,1633
true,238
liability,4298
band,938
auction,415
forfeiture,808
apparent,93
neutral,273
qualification,272
absence,1042
sell,1223
contribute,987
solar,581
ocean,1403
tidal,85
passive,216
fishery,1318
instrument,680
trustee,769
satisfaction,805
earnings,1110
holding,1716
charity,132
settlor,8
family,7303
contractor,2268
directors,1659
outstanding,1532
difficult,368
town,556
parish,161
municipality,402
advocate,544
going,206
stake,37
pertain,77
above,796
stocks,550
acceptance,775
quota,228
revoke,383
suspension,1397
physical,3818
declare,137
permission,262
preservation,2418
blank,123
introduction,637
interstate,2871
inventory,1102
village,503
pregnancy,1086
drop,96
boys,239
allotment,846
behavior,793
delay,998
default,633
sovereign,301
heritage,3200
nominate,82
assent,16
manage,1202
marine,2670
competent,742
counterfeit,258
entry,2252
main,319
transmission,1952
link,330
valid,1652
domain,893
street,898
legitimacy,42
find,453
alienate,4
enjoin,185
alienation,52
receiver,166
create,1742
merchandise,476
religious,1821
hiring,874
dismissal,159
exile,17
protest,100
premises,390
assembly,476
infringement,316
channel,215
democracy,851
raise,439
decide,144
territory,1750
advice,1289
postage,163
option,1607
influence,708
possibility,204
motion,3274
floor,472
adjournment,118
sine,79
privileged,330
move,598
opposition,436
allot,125
transferee,422
dependent,1733
diploma,204
army,1990
mortgage,3447
contraction,17
recession,58
adjust,547
conclusive,132
execution,559
misrepresentation,162
dollar,3133
below,1260
previously,1433
charges,1559
negative,592
deal,156
rent,529
insure,171
heretofore,30
accruing,123
delegation,407
soundness,186
trading,729
beneficial,520
surrogate,77
proxy,98
near,875
excessive,603
litigation,615
unjust,83
extract,49
merits,184
bankruptcy,688
resist,50
adjudicate,76
damages,2478
implied,122
plaintiff,731
damage,1411
verdict,69
material,3511
litigant,3
controversy,179
discovery,715
class,2756
scienter,3
pleading,60
allege,30
mind,63
abettor,1
defraud,93
pecuniary,60
diligence,174
count,171
elements,1484
week,788
leave,2332
predicate,66
lineage,13
defect,149
probation,321
assault,1535
weapon,625
restitution,545
transferror,1
possessed,208
lessee,600
guardian,582
inheritance,62
confiscation,51
excuse,20
maim,9
prosecute,219
murder,239
robbery,39
punishable,265
incident,1061
remission,28
settle,95
stipulation,36
admissible,135
presents,299
remedy,605
prove,123
probative,28
contingent,254
sanction,406
repetition,24
paper,667
legally,642
conception,20
client,388
abortion,1168
malpractice,294
donor,617
obstruct,83
interpreter,34
interpretation,983
conference,1550
remote,990
speak,77
liquidated,154
liquidation,210
customs,1493
locate,254
ineligibility,269
preference,1239
rescission,554
acquire,1481
book,263
mark,551
minus,193
continental,1094
south,1876
reputation,86
frontier,93
species,3616
enjoyment,359
proclamation,397
exploration,766
destruction,857
cortes,1
square,316
corner,86
mining,1261
just,475
doctrine,123
accident,482
burial,172
inconvenience,45
anguish,29
firm,644
claimant,1209
proximate,66
window,87
door,130
tested,463
indirect,861
gallon,458
probability,124
exposure,1258
vacation,134
amend,843
vacate,89
pendency,171
gloves,18
conceal,54
imports,532
animal,1592
transport,834
package,304
search,795
arrest,575
suit,412
reward,246
seizure,298
plot,28
fort,971
cargo,571
abide,76
naval,457
innocent,169
coalition,401
depopulation,2
hurricane,1046
pertinent,265
simulation,93
biennially,132
explosion,65
drawing,64
navigable,146
judge,2323
fractional,138
annuity,1369
assassination,51
sequestration,578
forfeit,89
retire,121
separation,947
contemplation,12
annuitant,219
proviso,170
enumerated,145
grandfather,34
prime,443
advisement,11
trades,139
ultra,98
contiguous,308
works,1717
fight,197
collateral,239
practitioner,966
toxin,92
blood,1047
guilty,249
toxic,594
inter,302
partner,1324
basin,1292
innovation,1291
futures,363
customary,171
tenens,3
construct,654
rehabilitate,133
competition,1574
absolute,58
freight,449
compile,238
pueblo,429
indians,1036
rehabilitation,2088
deficiency,444
poor,715
remedial,350
repairs,216
cadet,59
admission,848
domicile,74
domiciled,151
casualty,237
competency,161
jurisdictional,222
licensee,858
uniformity,115
ascertain,128
insurer,747
solvency,175
dignity,139
registry,1353
augmentation,61
progression,110
journal,156
suffer,341
wall,394
feed,356
conclude,155
wrong,35
doing,335
leakage,62
brief,303
responsive,135
whereas,55
bureaucracy,31
context,287
illicit,431
chance,201
fostering,165
inclusive,246
displace,53
uncertainty,129
amnesty,83
remuneration,440
perpetrator,58
induces,19
bodily,446
manslaughter,47
kidnapping,135
decoy,7
arrival,147
irregular,48
coercion,121
deprivation,90
bargain,56
concession,91
daughter,325
entitle,58
ward,60
chose,28
lineal,94
autonomy,73
organize,204
citizenship,581
encumbrance,32
along,1228
justification,500
exit,222
decedent,839
executor,80
distributive,34
dues,205
bridge,346
installation,1224
tenure,114
undertaking,215
engagement,484
dean,19
literary,66
legacy,354
coinage,198
prairie,98
crop,1211
forage,62
conversion,1223
pace,103
skill,406
cite,26
parallel,66
quasi,47
advise,667
apprenticeship,513
apprentice,79
intersection,111
destroy,158
horn,44
extinct,21
province,62
qualify,658
depart,70
advertisement,282
view,297
seconds,145
residual,135
creditor,471
noting,30
dispute,988
occupant,61
passenger,1603
restraint,185
resistance,260
anchorage,45
highway,1926
deferred,559
shareholder,478
vigilance,10
safeguard,181
disable,30
pool,629
predominant,35
observe,91
navigation,572
forum,295
lake,1127
bear,822
negligence,222
game,375
postmaster,102
misleading,238
things,266
arbitration,673
metropolitan,827
arbitrator,174
presently,110
prejudice,101
corruption,400
bias,150
locality,457
alteration,244
traffic,1096
virtue,317
ancillary,265
mechanical,265
store,488
naturally,110
imperative,84
aspect,171
misappropriation,83
servant,33
formulas,63
sealing,44
cattle,128
chattel,14
furlough,26
enlistment,74
bonus,760
strict,134
label,738
penetration,43
warranty,129
accused,235
arraignment,6
continuance,74
recess,17
guilt,49
doubt,60
grave,119
ally,88
arson,176
sodomy,10
burglary,38
mutiny,1
sedition,6
piracy,81
compulsion,6
promise,292
apprehension,172
escape,102
petty,20
treason,14
hostile,143
instruct,180
adjudge,4
secret,539
ballot,650
preferred,333
wager,77
horse,419
reinstate,76
reversionary,97
deed,389
perpetuity,98
marital,198
respite,340
artificial,241
intra,55
breaking,47
ambulatory,251
launch,360
armistice,10
said,532
come,465
ground,830
bench,34
intermediary,442
verify,481
adulteration,40
broker,515
shipped,204
confirm,139
certainty,152
fresh,164
fruit,76
interference,341
infection,477
plague,12
cord,406
mutation,7
epilepsy,38
surgeon,228
homicide,61
willfully,387
verbal,87
intimidation,202
hostility,22
peers,101
distress,164
foreclosure,638
fault,66
obligor,72
lien,501
petitioner,381
letter,518
junior,133
interpret,339
slavery,363
array,127
apex,12
convenient,128
translation,109
breach,531
minutes,511
entertainment,232
discussion,298
boycott,136
fire,2738
soil,388
borrow,104
salvage,62
parens,66
venue,326
arms,904
impediments,162
nuisance,113
promulgation,329
ballast,81
crew,341
tend,108
distinguish,89
visa,1000
embassy,188
passport,291
ticket,369
contest,159
asylum,275
deportation,254
refusal,407
hotel,100
definitive,43
tool,284
perception,64
ratification,185
republication,18
mandate,437
defamation,50
disparagement,1
abrogate,46
erosion,211
adjoining,124
pledge,147
falsification,31
pretenses,49
obstruction,92
deceit,23
debtor,449
done,415
finder,16
inquiry,405
fail,511
conformity,211
unity,103
cruise,247
incorporation,359
charterer,38
retrospective,35
belief,234
worship,74
aggrieved,393
usual,173
sheep,69
disbursements,278
railroad,1378
directory,157
defender,109
indigent,55
merger,296
kingdom,213
double,607
profession,240
manual,281
mortgagor,670
appearance,241
newspaper,147
answer,135
perjury,128
discrepancy,98
inch,38
admittance,8
casual,54
intercourse,60
precedent,125
acre,409
easement,703
accrue,142
driver,867
doubles,9
night,93
impulse,9
mixed,214
implements,189
pupil,192
pathology,64
learned,177
female,443
occupation,366
light,905
error,398
royalties,393
royalty,639
placer,18
incineration,75
lodgings,6
yard,93
rental,1120
involuntary,266
occupancy,456
neighborhood,197
recapture,724
remit,147
attachment,99
tenant,393
reprimand,19
ring,68
impunity,19
silence,14
disgrace,7
allegation,188
shifting,65
opening,217
appraise,15
stipend,156
surname,2
assignee,64
irrelevant,17
owing,60
garnishment,49
hardship,428
engine,316
earth,402
canal,441
remand,121
rehearing,58
elective,217
sterling,41
route,649
tract,906
installments,160
intrusion,47
refinement,55
chambers,25
lights,28
insignia,21
heritable,61
specimen,82
accessory,31
defend,199
forthwith,41
franchise,202
copyright,675
objection,180
obsolete,96
cards,601
exportation,219
invention,273
experiment,109
vendor,285
ranger,148
float,29
lookout,12
pack,132
dedicate,22
lender,845
forbearance,135
reclaim,37
viability,316
clearing,174
enlarge,63
regime,337
oppression,13
ministry,181
adhering,38
harness,15
conditional,163
flag,257
landing,246
landed,48
superior,226
audience,119
subcontract,194
negotiation,229
justifiable,11
realize,89
preponderance,180
tribute,51
aftermath,77
prize,594
laureate,21
struck,521
amortization,210
entirety,106
stockholder,85
apartment,43
requisition,10
divorce,200
diet,161
meta,9
mile,597
tide,40
extirpation,4
osteopathy,41
chargeable,170
facto,84
assumption,144
interdict,44
interdiction,96
extradition,116
cope,34
currency,789
enormous,113
pocket,160
wholesale,377
founded,127
preamble,69
postpone,207
grace,87
consummation,51
consummate,19
peril,31
church,364
sanctuary,269
charts,47
mercantile,24
barrel,333
landmark,249
attach,43
descendant,92
incarceration,289
immunity,458
incriminate,8
afternoon,7
rogue,164
sublease,13
ferry,188
bishop,13
flat,92
wagon,12
baggage,141
adherence,191
deliberation,25
christian,111
magistrate,149
landlord,28
press,289
hall,249
gentleman,1
captain,102
endowment,413
honorary,24
inception,63
recoupment,106
custom,85
reinsurance,303
abolition,53
assured,86
admit,61
reply,22
parliamentary,61
condemn,27
constructive,158
invasion,99
momentum,14
liberation,244
hell,10
memory,94
honorable,152
loyalty,71
monument,1520
forty,113
holiday,130
willful,356
stamp,491
parking,199
politics,50
burn,222
appointee,211
redundancy,37
mediation,383
undertook,11
depot,81
ancestral,45
inference,73
extra,92
fear,224
curative,7
epidemic,187
surety,237
precarious,4
mere,45
incumbent,246
brother,48
sister,46
veto,144
transference,3
primate,76
advent,13
thread,25
lace,1
warp,4
divert,40
cartel,35
grain,169
opposite,25
treasurer,42
deem,211
circumvention,120
evasion,68
reporter,21
novels,2
ditch,93
rebuttal,43
understood,140
toxicology,58
periodical,31
diplomacy,134
style,88
redress,278
depredation,8
inalienable,13
quaker,2
brethren,3
tradition,66
conscription,12
speculation,108
executory,10
permutation,2
smuggling,262
indeterminate,9
hostage,170
mill,136
caution,6
concurrent,669
desperate,12
limb,83
resumption,43
mistake,35
sign,218
shore,238
anonymous,37
mine,652
supervisor,340
intern,92
declaratory,169
bailee,14
debit,269
shipper,97
luggage,16
extinguishment,73
solicitor,52
lieutenant,73
illusion,3
defeat,119
beacon,19
proposition,23
margin,197
soldier,78
empire,51
surrender,85
statesman,19
sweeping,9
rescind,162
consignee,56
examiner,97
bind,26
appellate,288
appellant,66
acceleration,129
usage,335
acquiescence,19
backing,19
foot,237
paternity,74
maternity,124
grandmother,5
uncle,19
aunt,19
cousin,9
nephew,21
niece,22
illegitimate,20
erection,42
levee,90
indicia,36
appraiser,157
forma,13
residue,56
manure,31
sergeant,72
patron,52
slip,5
arra,33
infusion,175
reality,36
journey,34
usher,4
mischief,3
tally,25
hybrid,321
monogamy,3
artificially,23
hide,18
cadastre,120
profile,127
transferable,84
disqualify,77
redeem,56
defeasance,5
civilization,28
lend,21
polls,51
super,125
banc,67
mileage,154
contraband,80
apprehend,67
desert,121
inducement,27
shock,69
luxury,29
inmate,337
merchant,418
brand,264
disagreement,127
amenable,26
proprietor,47
riparian,132
obscenity,30
affection,8
bribe,14
penitentiary,29
infraction,21
outrage,7
incendiary,37
tribunal,217
donee,132
fare,86
bribery,97
fabricate,3
ounce,32
aggravation,9
consignment,17
shop,54
prospectus,39
minister,167
dissuade,4
forthcoming,18
essence,19
personality,49
swell,16
hanging,8
dedication,108
passion,8
marshal,75
cemetery,533
colored,23
prince,53
inferior,24
referendum,194
parliament,62
libelous,1
wealth,101
genuine,76
adversary,55
affirmation,65
confusion,75
spiritual,53
fistula,179
rectum,13
stillborn,9
incontinence,22
ministerial,50
fleet,377
mirror,67
incest,74
eavesdropping,6
detriment,41
repugnant,11
think,64
commons,5
affinity,27
railway,90
whale,39
provisional,268
lean,33
ignorance,7
annul,34
extortion,42
proponent,89
transact,24
liquidate,52
juror,22
seen,150
strip,200
terror,176
mayhem,4
subscribe,30
slave,106
smuggle,14
pirate,10
servitude,75
pact,17
thence,491
mutilation,12
peck,189
appurtenant,68
visitation,243
trader,30
voidable,16
debenture,125
sewer,332
erroneous,166
lessor,105
licensor,16
ecumenical,12
indicted,44
acquitted,12
chart,19
premier,46
expel,31
adventure,4
archery,18
emerge,21
league,536
tight,15
touch,15
mania,7
miscarriage,14
determinable,23
purview,36
suggestion,30
auditor,101
implication,21
archivist,242
archives,179
dormant,14
exaction,12
impression,28
abridge,11
needless,21
restaurant,88
tavern,3
pres,4
plebiscite,70
noxious,47
acknowledge,88
cent,262
perpetual,80
induction,150
desertion,5
carriage,151
traveler,99
dissent,20
jail,165
instigation,4
communism,6
supremacy,6
dissolution,104
colony,68
leasehold,109
annexation,7
depending,75
maltreatment,34
guinea,37
resignation,86
inauguration,20
devolve,9
nominee,89
constraint,7
bull,19
heifer,1
registrar,59
assigns,157
tick,167
retrocession,11
writ,91
sidewalk,25
bounds,31
caption,41
exhibition,153
expropriation,7
materia,2
fyke,1
boat,90
ascend,4
cheat,5
enclose,6
dictate,24
haven,94
condone,11
author,85
manuscript,17
logs,55
patentable,13
pamphlet,37
surveyor,13
householder,4
consul,2
brokerage,73
suspicion,57
poison,230
fictitious,40
sharp,57
woods,39
envoy,130
disturbance,113
defective,81
sheriff,40
embargo,162
negotiable,62
heirs,140
walkers,7
offerings,79
chaplain,14
prefer,29
pond,23
liquor,20
beer,82
rectifier,1
drawback,124
beverage,376
pave,7
absolutely,38
vest,96
insolvent,24
movable,16
intakes,10
misdemeanor,147
reversal,105
credentials,166
dictator,7
conspirators,9
embezzlement,81
retribution,12
campus,438
alcoholism,61
puberty,11
matriculate,3
treasure,43
sturgeon,14
tonnage,58
plurality,7
quay,4
grandchild,157
foreclose,21
heir,145
dowry,17
acquit,2
laches,6
declination,22
narrative,22
suffrage,39
pleadings,51
obliteration,9
merchantable,16
meter,118
logic,13
evict,9
forgery,16
intend,129
inevitable,9
quick,33
promissory,25
relaxation,6
bubble,10
jack,32
abandon,47
confrontation,8
advised,55
seals,41
dementia,39
extrinsic,16
doctor,147
insanity,9
sanity,2
promoters,35
ledger,47
emigration,27
proclaim,25
transient,48
coupons,88
malt,16
mailable,3
ambush,15
motive,60
setter,3
discredit,6
evenings,5
ancestor,38
steal,14
haul,18
agri,42
recourse,75
amortize,29
agrarian,7
theme,97
readers,42
latin,138
craft,97
housekeeper,1
notorious,5
archbishop,3
trespass,62
attestation,192
separatists,1
eagle,181
larceny,10
interlocutory,64
marines,51
pawnee,4
reset,12
controller,93
fugitive,93
felonious,7
maiden,20
summons,43
arrearages,41
onerous,19
assignable,42
guarantor,27
perfect,19
obra,21
eaves,1
outage,5
mortgagee,251
caucus,82
treasonable,1
rejoin,5
invitation,59
pasture,13
decoction,1
ripe,23
imitation,10
sake,7
grantor,72
contradict,8
arrive,36
prolongation,6
monograph,17
patrimony,13
exigency,5
commendation,17
corpus,167
assessor,27
ante,5
bailment,6
clandestine,55
founder,45
emissary,4
actor,35
covert,57
mercy,76
bury,3
ought,22
crates,8
dunnage,12
literate,20
badge,61
disinterested,14
sickness,108
malfeasance,60
sever,13
hart,20
dome,45
pilotage,2
mariner,41
seamen,24
transcript,69
depositor,43
hidalgo,97
alcalde,5
corn,109
devastation,32
depositary,30
indispensable,21
overdue,38
finances,78
joinder,22
interrogatories,14
mediator,14
roster,35
crest,14
redeemable,38
underwriter,81
thereupon,20
faithfully,16
abode,117
formularies,7
descent,96
camino,60
royal,70
capitals,11
traverse,25
collusion,24
slander,14
malice,14
malicious,58
retainer,64
preside,15
peculiar,16
notoriety,2
exempts,38
barton,3
offspring,34
cession,18
monopoly,29
expulsion,58
deadhead,1
acknowledgment,100
disguise,8
colorable,5
prorate,8
angel,162
indivisible,6
liberties,252
variance,58
incompetency,14
versus,63
substitutes,68
cruelty,72
husbandry,9
obscene,63
mead,14
curfew,8
admiralty,33
possessory,22
sunday,46
locator,51
prostitution,60
molestation,15
mankind,21
barter,48
aforesaid,9
entice,3
whipping,2
naked,10
vendee,6
metropolis,19
proscribed,31
sable,2
illustrious,4
negro,27
chapel,27
emancipation,29
boulevard,13
cottage,15
jure,61
easterly,32
concur,54
endorse,54
notation,33
mooring,8
hurdle,6
forge,54
lady,23
conversation,31
matrimonial,1
vitiate,2
sittings,12
rider,46
sumner,11
conjunctive,12
accredit,14
encumber,15
mich,1
paintings,9
girth,1
extrajudicial,47
paramount,38
divest,70
respondent,131
branding,16
affix,24
plaza,53
shaw,4
heck,1
lottery,57
singular,17
jeopardy,61
mouth,73
amicable,3
cape,143
nautical,78
litigate,15
tolls,26
datum,6
seaward,190
appertain,2
deputize,8
homo,21
quotation,25
parenthesis,8
dispensation,5
possessor,28
syphilis,3
warren,50
petit,9
accession,105
centralization,12
conquest,9
inure,42
fraternity,29
bushel,31
warehouseman,3
cultivated,24
capias,3
obligee,13
adjudicates,5
persuasion,34
homestead,64
coitus,3
guild,3
lighter,8
amenity,3
drift,8
lawyer,60
graft,12
meritorious,41
imprison,12
protestants,11
prayer,21
parishioners,3
clergy,31
seminary,8
patriarch,7
ignore,8
confess,4
denounce,9
bondage,18
colt,25
slight,7
corroborate,7
undivided,70
enumerators,9
betterment,11
concussion,170
remittance,160
sect,13
blasphemy,3
ascent,3
incite,19
abet,39
peonage,23
codex,3
orphan,99
interpolation,3
hypothesis,7
spurious,8
falsehood,3
plea,90
bail,32
felon,25
habitation,20
pure,26
dole,82
herald,3
digest,4
ordain,3
encroach,14
hereditary,13
tyranny,12
benevolent,16
fraternal,18
detainer,26
infancy,12
staple,50
demobilization,47
rumor,2
reprisals,20
perch,4
rebel,10
feloniously,6
severance,117
bayou,38
laborer,99
curator,12
excusable,8
tortious,30
prerogative,7
pope,21
littoral,3
acquittal,11
autocracy,2
sess,1
purport,8
reprieve,2
pardon,38
impeachment,17
overseer,3
impound,8
argument,45
pole,27
abeyance,16
novelty,6
reverter,8
fiar,5
arbiter,9
overt,22
coroner,11
arsenals,20
attache,12
heraldry,1
inventor,38
secular,17
faculties,12
revive,2
tenor,2
divisible,12
engraving,13
seigniorage,14
permissive,32
diminution,56
handwriting,5
abstention,6
tenths,7
anger,13
digging,5
inchoate,2
personalty,3
fodder,2
gleaning,1
derogation,5
surreptitious,2
dilapidation,1
materiality,3
purse,27
falsify,16
menace,15
orator,2
mistress,3
cart,8
lift,73
formality,1
bolt,10
emit,44
suite,11
spelling,4
mintage,5
plead,6
priest,8
conservator,63
reparation,10
confiscate,15
expunge,14
vacatur,1
gauge,26
inherit,6
deprive,51
cede,6
legalization,20
presentment,18
dilatory,6
bailiff,3
partition,13
carte,14
firmly,14
appurtenance,17
wreck,8
conductor,6
cautionary,18
manning,10
sealed,178
dissolve,23
henceforth,4
exposition,37
sailors,17
sail,8
financier,1
scandal,13
solvent,27
indenture,26
drove,9
howe,2
wakeman,2
unliquidated,8
legatee,1
illiterate,11
stealth,6
censure,11
fixture,32
grange,5
realm,2
graveyard,1
telegram,2
lent,5
poaching,24
subdivide,11
curtilage,3
shipwreck,3
revival,14
simulate,9
summon,7
stick,8
quarantine,81
cockpit,69
abbey,3
jailer,1
pentecostals,1
consanguinity,2
probate,25
authentic,25
matrix,21
transitory,4
parochial,8
anna,23
meadow,47
isis,20
hague,44
injustice,27
radicals,2
quadrant,5
unalienable,11
happiness,14
perish,2
atheist,1
cognizance,3
lord,32
salute,4
adjourn,17
bequeath,5
strangers,7
liberate,11
vires,3
enlarging,25
telegraph,10
irregularity,21
cortex,5
exoneration,2
penny,29
inquest,7
insufficiency,12
mechanic,14
scrip,4
testament,4
midshipman,12
formalities,8
marches,7
superiority,21
captives,3
liters,6
patentee,37
saiga,13
peremptory,10
peaceable,6
bark,37
clamor,1
cathedral,18
stance,5
pastor,2
christianity,7
pint,4
imputed,18
belligerent,49
latent,15
parker,12
remoteness,11
anchor,22
mare,3
corona,5
collation,4
dime,18
squatter,2
croft,1
tales,4
loyal,8
quart,3
reformatory,2
wounding,14
recognizance,4
obedience,5
detainment,2
turpitude,23
westminster,1
drunk,30
factory,55
sterility,1
plural,1
raptor,9
persona,5
mortuary,4
expatriation,49
plantation,21
holt,8
immemorial,5
commutation,6
cadaver,2
czar,2
legalize,2
abut,9
banco,1
juridical,9
riot,13
extort,8
evasive,4
collocation,13
comity,8
inboard,2
thoroughfare,2
steward,3
porter,3
guardianship,117
clerkship,27
violently,8
misapplication,6
genus,6
misbehavior,6
imperfect,1
daylight,12
moor,4
animus,3
paraphernalia,31
eleemosynary,4
compendium,2
recite,10
certiorari,51
earnest,1
repudiation,4
boom,46
prudence,9
delimit,8
memorization,2
concordia,2
rectory,1
abortus,7
stranding,21
mourning,3
handbill,3
tacit,2
nurture,13
usurpation,4
corporal,30
locus,5
abutments,2
relevancy,5
stenographer,2
notarial,4
tail,15
lancaster,8
estop,6
retract,2
derelict,9
bounty,34
literal,3
dereliction,2
renounce,14
surprise,15
convoy,8
solatium,1
declarant,3
hayward,32
pier,12
wharf,15
quarry,2
repertory,3
refresher,9
hostler,1
particulars,12
alderman,8
lowers,9
drown,3
deface,10
await,6
mens,7
autopsy,30
patronage,10
vein,14
devolution,1
lode,8
quash,40
abortifacient,3
gore,3
naturalize,3
suborn,1
forestall,12
landlocked,1
unanimity,2
lunar,67
raffle,24
cardinal,3
overhaul,18
plight,12
allottee,16
habit,2
pars,3
alibi,3
jurisprudence,10
commandment,2
iniquity,2
mate,13
usurious,5
usury,15
indifferent,14
terminus,8
solemn,3
knot,1
fiat,2
crown,2
majesty,1
lecturer,4
obligatory,3
lamb,37
placard,2
accuser,3
vale,5
vigil,2
societe,3
photographer,1
disparage,9
plenary,6
comte,1
pedigree,6
immoral,7
rota,3
profane,27
realty,12
arrestee,23
badger,1
selectmen,4
ransom,12
ledge,8
mansion,17
probationer,4
honorarium,20
irrelevancy,4
blockade,15
giver,2
journeyman,6
nickname,8
homicidal,1
pillage,3
straddle,6
disavow,1
testimonial,3
uncia,6
culpable,8
relator,4
provost,18
dishonor,6
iter,72
copartner,2
assay,74
insurrection,5
juristic,6
misprision,1
rebellion,6
entailed,3
turnkey,2
semper,3
multitude,11
moorage,2
rebut,11
rack,12
missal,1
folio,3
tenement,59
abrogation,16
adduce,9
contentious,5
inadvertence,5
blanks,4
indecency,11
emperor,1
revel,2
knight,5
riga,9
primer,5
stoppage,15
nail,2
endocarditis,1
simplex,1
freeman,2
bankrupt,6
privity,4
confederation,5
proctor,2
acquiesce,5
misdirection,1
laguna,6
gutter,1
contra,33
slough,16
poundage,2
curtis,1
corregidor,16
hang,3
digests,4
silva,8
aggressor,2
nude,2
protectorate,3
dissenters,1
evocation,1
referee,2
alimony,20
keeper,1
irritancy,2
impeach,1
recklessness,4
adultery,2
floatable,27
pleaded,3
infanticide,3
consign,1
rendezvous,3
analogy,2
ambiguity,16
fides,2
delimitation,3
asphyxia,3
congregation,6
outlaw,3
drip,4
infamy,3
excerpts,7
eject,7
squire,3
adrift,2
litigious,2
deponent,1
mulatto,4
muster,2
anathema,1
reassurance,2
paternal,1
juris,2
allocution,5
accusation,5
morgue,1
settler,3
queen,10
provable,1
wanton,17
retro,2
freedman,5
reeve,7
moiety,13
residuary,2
modus,1
indictable,3
swear,6
impanel,1
latching,3
dissection,16
forfeitable,1
estoppel,6
accumulations,2
insane,6
tramp,3
vexatious,2
erasure,1
stumpage,6
distraint,2
carve,2
engrossing,1
workman,3
changer,1
posterity,2
francia,1
suretyship,3
assayer,4
pledgor,4
annotation,5
destitute,2
coppa,1
menial,3
immaterial,1
stab,1
jewel,3
token,6
tacking,1
revolt,3
appraisement,1
burgess,2
convocation,1
caveat,1
testamentary,2
disprove,1
acquittance,4
stray,1
mart,1
commissary,10
tripartite,11
booty,2
intoxication,4
ancients,8
monarchy,2
fisk,2
reformation,3
denunciation,1
functionary,1
courtesy,3
mesne,1
wantonness,1
boarder,1
carnal,1
multiplicity,2
senility,1
purveyor,2
yacht,20
clam,1
pawnbroker,2
tillage,2
issuable,2
drayage,5
constable,1
marchers,4
baron,1
earl,2
banker,2
accumulative,3
warden,1
utter,1
gest,1
sorn,1
regulars,4
privy,2
polygamy,11
escheat,21
alias,5
gazette,1
chancery,1
legation,1
privateer,2
degradations,1
inebriate,2
inconclusive,7
maxim,3
admonition,2
countenance,3
ecclesiastical,3
marauder,1
trivial,5
jesse,39
illegitimacy,1
misreading,2
scrivener,3
billet,1
temple,34
fore,1
abbreviations,4
magister,3
manhood,1
misfortune,1
frenchman,5
taxa,1
specie,2
posse,1
comitatus,1
buoy,5
feld,1
homage,2
disinter,9
accomplice,3
magisterial,2
liquidator,3
marshaling,2
helm,1
indignity,1
sart,1
meander,7
recrimination,1
controvert,1
supra,3
headland,1
pendens,2
chapman,3
allision,1
affirmance,4
seaworthy,1
lesion,1
privies,10
syndicate,4
transhipment,1
purge,4
robber,3
psychotherapy,5
dais,1
lascivious,5
hamlet,1
prise,1
foreigner,1
conterminous,1
indict,2
mace,1
averment,2
lumen,5
hammer,1
imagine,3
perquisites,1
misdescription,1
toleration,2
mayn,14
quarrel,2
gavel,1
hegemony,1
olympiad,14
frutos,1
arbor,2
hemiplegia,4
dwell,1
drawer,1
subtenant,1
rite,11
aire,2
durham,4
feudal,1
usufructuary,1
weir,3
assignor,4
recompense,1
decrepit,1
vara,1
bestiality,1
manor,3
corollary,1
tame,1
appellee,2
schism,3
termini,3
fortuitous,1
fontana,4
venire,2
despoil,1
remitter,1
undefended,1
barre,2
parson,12
adjuncts,1
jobber,1
nobility,1
axiom,7
obsolescent,1
effigy,2
stevedore,2
akin,1
dictation,1
karl,1
defunct,1
novation,8
familia,1
deacon,1
invent,2
mystery,1
antedate,1
inurement,1
anker,2
prostitute,1
slade,1
patrolman,1
interchangeably,1
acceptor,2
situs,4
combustio,1
testes,1
emolument,1
premeditation,2
legitimation,2
moderator,1
rector,1
